<?xml version="1.0" encoding="UTF-8"?>
<beans:beans xmlns="http://www.springframework.org/schema/security"
  xmlns:xsi="http://www.w3.org/2001/XMLSchema-instance"
  xmlns:beans="http://www.springframework.org/schema/beans"
  xsi:schemaLocation="
    http://www.springframework.org/schema/security 
    http://www.springframework.org/schema/security/spring-security-4.0.xsd
    http://www.springframework.org/schema/beans 
    http://www.springframework.org/schema/beans/spring-beans-4.2.xsd">
 
   <http use-expressions="true">
      <intercept-url pattern="/login*" access="isAnonymous()" />
      <intercept-url pattern="/**" access="isAuthenticated()"/>
 
      <form-login
         login-page='/login.html'
         default-target-url="/homepage.html"
         authentication-failure-url="/login.html?error=true" />
 
      <logout logout-success-url="/login.html" />
 
   </http>
   <authentication-manager>
      <authentication-provider>
         <user-service>
            <user name="user1" password="user1Pass" authorities="ROLE_USER" />
         </user-service>
      </authentication-provider>
   </authentication-manager>
</beans:beans>